{
  "total_epochs": 25,
  "final_stage": 2,
  "final_stage_name": "Hard",
  "overall_progress": 0.96,
  "stage_transitions": 2,
  "performance_improvements": {
    "combined_macro_recall": {
      "initial": 0.2680696141708136,
      "final": 0.6886220418137183,
      "improvement": 0.42055242764290474,
      "improvement_percent": 156.88179689583518
    },
    "action_macro_recall": {
      "initial": 0.29171083796459346,
      "final": 0.6783972970402453,
      "improvement": 0.38668645907565186,
      "improvement_percent": 132.55813934571265
    },
    "severity_macro_recall": {
      "initial": 0.18782827827987159,
      "final": 0.7428720609636634,
      "improvement": 0.5550437826837918,
      "improvement_percent": 295.50597373668865
    }
  },
  "stage_durations": [
    {
      "stage": 0,
      "stage_name": "Easy",
      "duration": 10
    },
    {
      "stage": 1,
      "stage_name": "Medium",
      "duration": 8
    }
  ],
  "final_performance": {
    "combined_macro_recall": 0.6886220418137183,
    "action_macro_recall": 0.6783972970402453,
    "severity_macro_recall": 0.7428720609636634
  }
}